"Cap waktu","Silahkan berikan aspirasi kalian"
"2022/05/24 8:31:41 PM GMT+8","Saran saya buat kampus untuk menyediakan fasilitas yang cukup buat mahasiswanya contoh saja sperti tempat parkir yang menurut saya kurang di expand supaya lebih luas."
"2022/05/24 10:35:24 PM GMT+8","Semoga HIMA teknologi informasi kedepannya lebih maju💪"
"2022/05/25 7:18:31 AM GMT+8","Perlu karya"
"2022/05/25 8:21:58 PM GMT+8","1.Di permudah lagi Saat kita memimjam,atau memakai Prasarana kampus ,baik itu proyektor,microphone,ruangan Lab dan lain sebagainya.

2.Jangan membebankan Mahasiswa saat menjalani proker,seperti Saat menjadi Panitia kita di wajibkan membayar sponsor wajib dan Uang Iuran,sedangkan kita yang berkerja menjadi Panitia 
Tentu saja itu sanggat memberatkan bagi mahasiswa yang kurang mampu
Tetapi terpaksa mengikuti Kepanitiaan Proker Demi mencukupi SKP nya"
"2022/05/25 8:26:59 PM GMT+8","Untuk mempelajari lebih lanjut tentang rintangan yang terkait dengan komunitas.
By : Bagus Nararya"
"2022/05/25 8:37:18 PM GMT+8","kedepannya agar lebih baik lagi tanpa adanya perbedaan satu sama lain"
"2022/05/25 8:40:26 PM GMT+8","Jangkauan wifinya diperluas, Perlu tambahan layar & stop kontak untuk kelas di gedung B."
"2022/05/25 8:58:16 PM GMT+8","Tolong untuk penggunaan LAB jangan dipersulit lagi, dan alat-alat yng diperlukan di LAB semoga cepat tersedia terutama Di LAB TI agar para mahasiswa bisa memanfaatkan LAB sebagai tempat untuk melakukan parktikum dan pembelajaran dengan baik dan nyaman."
"2022/05/25 9:29:11 PM GMT+8","Prokernya sudah berjalan dengan baik , akan tetapi mungkin dari ke akraban anggota dan sifat egosentris dari bbro anggota perlu di lunakan sedikit agar tercipta suatu harmoni yang lebih lagi mengingat himaprodi ini adalah wadah aspirasi prodi TI dan juga sebagai keluarga dikampus setidaknya harus menciptakan suasana yang tidak canggung antar anggota ataupun rasa tidak saling suka"
"2022/05/25 10:05:22 PM GMT+8","KETUA HIMA TERLALU BOT 
KURANGI OMONGAN YANG SIFAT NYA BERULANG PAS RAPAT
TOLONG UNTUK KOOR KOMINFO JANGAN TERLALU DIAM,COBA MULAI BERBAUR DENGAN ANGGOTA YANG LAIN.
KOOR PSDM TOLONG KALAU RAPAT MATANYA BUKA DONG JANGAN TUTUP TERUS
KHUSUS UNTUK KK REVIVAL TOLONG JANGAN TERLALU BERMAIN HP DAN RIBUT SAAT RAPAT
"
"2022/05/26 10:52:20 AM GMT+8","Saran untuk dipermudah (tidak perlu menggunakan surat) dalam menggunakan Lab TI karena kami dari himaprodi TI sangat membutuhkan lab TI sebagai tempat kami berdiskusi. "